,code site,lat,lon
0,FR19012,48.38618,-4.4866
1,FR34051,46.79828,1.693139
2,FR12047,43.80314,1.595475
3,FR16034,48.59043,7.744983
4,FR30026,48.584824,6.4839
5,FR12031,43.44139,1.821944
6,FR18055,49.26034,2.475004
7,FR82512,47.253292,6.016094
8,FR35012,45.80509,2.062333
9,FR31019,43.359722,-0.566944
10,FR07013,46.34,2.605
11,FR05082,49.348,0.109253
12,FR04037,48.82861,2.360278
13,FR07017,44.93133,2.445168
14,FR07004,45.79728,3.113833
15,FR20067,45.72827,4.875669
16,FR09106,45.651463,0.162391
17,FR09206,46.158,-1.155999
18,FR38003,-20.962784,55.296207
19,FR09402,46.570004,0.323575
20,FR01006,49.32083,6.14
21,FR38005,-20.931833,55.30593
22,FR04118,48.870274,2.3325
23,FR37002,16.238056,-61.53754
24,FR39009,14.610653,-61.002586
25,FR37040,16.254086,-61.53713
26,FR30023,48.63334,6.304828
27,FR38001,-20.889893,55.46884
28,FR06011,50.32276,3.39593
29,FR14201,49.34915,4.069595
30,FR06023,50.420288,3.551811
31,FR25501,49.6713,1.2843
32,FR15013,45.07954,5.728653
33,FR31024,43.377193,-0.610278
34,FR23153,47.331524,-2.151625
35,FR39017,14.601469,-61.08533
36,FR25039,49.02134,1.148319
37,FR02003,43.386814,5.16006
38,FR04031,48.86877,2.311231
39,FR27008,45.35327,4.804847
40,FR34062,47.584305,1.332694
41,FR07028,45.929333,2.829806
42,FR29423,46.04111,4.074656
43,FR38022,-20.998577,55.28062
44,FR04034,48.775898,2.375788
45,FR20017,45.73529,4.829794
46,FR07054,45.039,3.887001
47,FR07031,45.10472,3.277361
48,FR19081,48.65473,-1.99614
49,FR39109,14.671083,-61.16336
50,FR18040,49.920666,4.090556
51,FR29441,45.44798,4.388764
52,FR04328,48.3547,2.6453
53,FR35006,45.262665,1.762752
54,FR07202,45.807487,3.111111
55,FR23175,47.43012,-0.610006
56,FR02004,43.41666,5.042731
57,FR05069,49.487682,0.451756
58,FR40006,5.164248,-52.64649
59,FR29428,45.422077,4.412831
60,FR12044,43.633476,1.375717
61,FR08026,43.4282,3.60356
62,FR09405,46.55874,0.506875
63,FR12009,43.604507,1.439778
64,FR19031,47.65704,-2.75826
65,FR23078,47.05583,-0.883576
66,FR18036,49.43889,2.094444
67,FR41073,41.929966,8.739364
68,FR08614,43.8344,4.3744
69,FR30034,48.68817,6.190431
70,FR08030,43.6096,3.89878
71,FR21001,49.19222,-0.391111
72,FR20062,45.757732,4.854214
73,FR82002,47.234905,6.029472
74,FR14013,49.2477,4.034142
75,FR20037,45.6019,4.8022
76,FR20070,45.749695,4.844389
77,FR03014,43.34805,5.360119
78,FR31033,45.189823,0.727184
79,FR34041,48.444416,1.510139
80,FR04048,49.100277,2.343889
81,FR12012,43.635918,1.43175
82,FR03070,43.437874,6.76839
83,FR21101,49.179832,-0.32975
84,FR27003,45.454517,4.766528
85,FR35010,45.829975,1.254772
86,FR08004,43.6051,3.87464
87,FR19037,47.758945,-3.36938
88,FR24036,43.702076,7.286256
89,FR31020,43.41123,-0.617728
90,FR05502,49.4675,0.531
91,FR12029,43.883934,0.845617
92,FR14854,49.396194,4.702
93,FR05081,49.504036,0.411594
94,FR19091,48.347504,-1.20162
95,FR19502,48.1094,-1.68451
96,FR38023,-21.331703,55.47895
97,FR24009,43.558388,7.005919
98,FR39007,14.601889,-61.05759
99,FR05100,49.4994,0.108361
100,FR34102,48.16083,2.043611
101,FR04143,48.859,2.351
102,FR24035,43.68929,7.242074
103,FR03032,43.293137,5.574184
104,FR23070,47.283127,-1.783082
105,FR38009,-20.910585,55.618977
106,FR23069,47.36021,-1.953593
107,FR04123,48.90222,2.390833
108,FR04105,48.8728,2.4219
109,FR38012,-21.342915,55.471928
110,FR01059,49.3374,6.08207
111,FR02013,43.458927,4.934572
112,FR34065,47.996994,2.731511
113,FR01018,49.107502,6.122775
114,FR82011,47.50114,6.786083
115,FR37038,18.070114,-63.081482
116,FR20029,45.6639,4.8459
117,FR02036,43.398804,5.072803
118,FR23188,47.222187,-1.537432
119,FR12016,43.106155,0.71955
120,FR21501,49.178303,-0.31905
121,FR33114,45.25199,6.397194
122,FR02037,43.413944,4.985996
123,FR07045,45.54542,3.248247
124,FR36003,44.94894,4.88975
125,FR06133,50.09225,3.85003
126,FR04018,48.9039,2.3847
127,FR09033,46.157883,-1.267922
128,FR25051,49.918007,1.073972
129,FR05079,49.545414,0.185369
130,FR16302,48.492992,7.1298
131,FR04184,48.231476,2.7061777
132,FR02011,43.43786,4.945116
133,FR34026,47.46925,0.717333
134,FR19052,47.99612,-4.09972
135,FR09103,45.647427,0.167162
136,FR31002,44.80046,-0.589398
137,FR04008,48.799442,2.330556
138,FR25043,49.4005,1.099042
139,FR14010,49.28222,4.051111
140,FR08025,43.5944,2.80296
141,FR03086,43.88012,5.362038
142,FR30036,48.69708,6.154194
143,FR06006,50.36425,3.52273
144,FR04150,48.891388,2.240556
145,FR43001,-12.772944,45.223206
146,FR33213,46.19081,6.235536
147,FR38017,-21.29433,55.62793
148,FR33120,45.9225,6.87
149,FR07012,45.045002,3.883001
150,FR24017,44.08325,6.002581
151,FR10017,51.03276,2.332358
152,FR23152,46.66065,-1.43686
153,FR82005,47.23461,6.076472
154,FR30020,48.77586,5.162789
155,FR41017,42.671333,9.434639
156,FR28115,50.428604,2.836111
157,FR18035,49.86889,2.239806
158,FR06134,50.45647,3.42794
159,FR18045,49.696697,2.801139
160,FR10012,51.01943,2.25099
161,FR09303,46.320026,-0.482861
162,FR26005,47.30737,5.065881
163,FR12053,43.610497,2.23015
164,FR12042,43.09625,-0.040497
165,FR12041,43.457306,1.571469
166,FR14028,49.0461,3.955911
167,FR03087,43.93706,4.824909
168,FR50225,43.611607,3.827868
169,FR20045,45.7317,4.9803
170,FR23163,47.921925,0.151895
171,FR23235,48.31929,-0.60185
172,FR34057,46.94294,2.003258
173,FR38008,-20.884575,55.453907
174,FR11114,50.59774,3.04946
175,FR09403,46.591232,0.34039
176,FR08023,43.4068,3.18878
177,FR20013,45.720024,4.818156
178,FR82050,46.67132,5.55662
179,FR14202,48.9559,4.365281
180,FR01064,49.12508,6.181219
181,FR19039,48.11521,-1.673088
182,FR05085,49.512146,0.539036
183,FR30021,48.621502,6.194922
184,FR26017,46.996826,3.171092
185,FR31005,44.84139,-0.579722
186,FR24013,44.073345,7.225241
187,FR21500,49.18888,-0.35946
188,FR08713,42.6835,2.90351
189,FR19082,48.65306,-2.00268
190,FR10025,50.94989,1.76917
191,FR18019,49.276386,2.482167
192,FR23003,47.322704,-2.039243
193,FR08209,43.9426,4.67958
194,FR07048,46.659046,3.249247
195,FR06009,50.17249,3.23606
196,FR24006,43.580894,7.12222
197,FR04063,48.9964,1.7033
198,FR23092,48.001293,0.20095
199,FR42008,48.007454,6.87752
200,FR07052,44.92008,2.441082
201,FR31036,43.704643,-1.038557
202,FR28028,50.535385,2.635692
203,FR22019,49.220364,6.925833
204,FR24038,44.54865,6.067237
205,FR14042,48.645836,4.966111
206,FR03027,43.3352,5.727365
207,FR15031,44.997,6.4694
208,FR07023,45.51039,2.930361
209,FR21031,48.445553,0.110833
210,FR12056,44.10618,3.072178
211,FR21039,49.63389,-1.6247222
212,FR04004,48.891666,2.346667
213,FR14059,49.88921,4.535761
214,FR33201,45.89528,6.118333
215,FR19051,47.998158,-4.104136
216,FR02034,43.37571,5.064025
217,FR39011,14.614111,-61.05308
218,FR36001,44.870243,4.876289
219,FR24021,43.786583,7.373283
220,FR07016,46.324,2.601
221,FR02043,43.41653,5.222281
222,FR07029,45.274727,3.687917
223,FR28027,50.43464,3.02964
224,FR11027,50.7242,3.15906
225,FR41002,42.697918,9.446417
226,FR09107,45.68695,-0.323869
227,FR03045,43.26022,5.411003
228,FR31021,43.376278,-0.538206
229,FR36002,44.933514,4.893481
230,FR14012,49.224167,4.020556
231,FR04146,48.8175,2.395
232,FR18039,50.129448,1.610833
233,FR24015,43.65777,6.920878
234,FR01015,48.884724,6.051392
235,FR15001,45.4276,5.5178
236,FR01009,49.271393,6.1325
237,FR08618,44.1424,4.13832
238,FR41020,42.700085,9.451722
239,FR04160,48.84889,2.335833
240,FR03091,43.9314,4.826875
241,FR09404,46.584,0.345582
242,FR04066,48.364166,2.236944
243,FR15038,45.1828,5.7531
244,FR33212,46.19364,6.214534
245,FR31017,43.49404,-1.528753
246,FR29426,45.475327,4.515003
247,FR14857,49.89096,4.53977
248,FR26002,47.304665,5.02008
249,FR16516,47.814,7.10456
250,FR31030,44.7225,-0.576111
251,FR29440,45.38958,4.615817
252,FR29424,45.42009,4.395422
253,FR14851,50.13585,4.836361
254,FR23123,48.069298,-0.768129
255,FR16057,47.757435,7.347294
256,FR40012,4.927337,-52.41119
257,FR02029,43.399548,5.113214
258,FR05054,49.481087,0.165289
259,FR09205,46.15372,-1.145611
260,FR14033,48.295002,4.050278
261,FR07059,46.130432,3.425694
262,FR38011,-21.334406,55.45906
263,FR20077,45.990112,4.715566
264,FR12026,43.92777,2.145897
265,FR16065,47.723106,7.341603
266,FR36032,44.9492,4.890133
267,FR30019,48.172653,6.4528165
268,FR23238,47.194157,-1.581689
269,FR19061,48.51351,-2.74953
270,FR02041,43.639004,5.101097
271,FR20031,45.7078,4.8644
272,FR41001,41.924694,8.735694
273,FR30029,48.19361,5.937222
274,FR26010,47.3456,5.002377
275,FR33203,45.9097,6.11825
276,FR16059,47.820248,7.538683
277,FR14203,49.1586,3.912613
278,FR16215,48.588055,7.729722
279,FR09399,46.321976,-0.4664312
280,FR28020,50.483925,2.6613
281,FR11038,50.733334,3.173611
282,FR37041,16.4545,-61.4281
283,FR02008,43.40195,4.981919
284,FR39016,14.678025,-60.939056
285,FR18058,49.61563,1.963259
286,FR27005,45.321846,4.770702
287,FR02005,43.405296,5.051636
288,FR34014,47.917397,1.966258
289,FR32007,46.802376,4.417486
290,FR33302,46.072224,5.820833
291,FR38016,-21.204815,55.58262
292,FR82220,47.5131,6.8318
293,FR34017,47.958973,2.009278
294,FR08003,43.6113,3.86626
295,FR09207,46.309624,-0.991908
296,FR43002,-12.778186,45.220234
297,FR19032,47.7425,-3.39501
298,FR22016,49.104137,6.70375
299,FR30032,48.694725,6.965275
300,FR26014,47.325745,5.041056
301,FR23249,47.32113,-2.127344
302,FR10041,50.74823,2.25978
303,FR02016,43.63864,5.091892
304,FR12046,44.022743,1.411761
305,FR04141,48.85278,2.360556
306,FR15017,45.19049,5.687023
307,FR12054,43.643944,1.468244
308,FR04012,48.827778,2.3275
309,FR02022,43.675114,4.62921
310,FR04185,48.81588,2.9912472
311,FR04149,48.7067,2.4572
312,FR01011,49.119442,6.180833
313,FR16051,47.80596,7.125433
314,FR01022,49.131115,6.207225
315,FR20003,45.7681,4.8503
316,FR08022,43.2875,3.50484
317,FR05090,49.514687,0.100645
318,FR02009,43.39378,4.801024
319,FR10026,50.9578,1.89008
320,FR07038,45.544533,3.248278
321,FR38024,-21.213211,55.302845
322,FR26019,47.800575,3.576189
323,FR05089,49.500187,0.110903
324,FR34018,47.99789,2.7195
325,FR04323,48.62722,2.429167
326,FR31039,43.311092,-0.352116
327,FR03037,43.28334,5.511384
328,FR36025,45.242825,4.672595
329,FR39013,14.675558,-60.94609
330,FR33122,45.53583,6.471111
331,FR22022,49.118343,7.083539
332,FR01001,49.535004,5.804447
333,FR07008,45.78089,3.094583
334,FR31023,43.436455,-0.695041
335,FR25052,49.02021,1.138717
336,FR09204,46.16355,-1.146367
337,FR82040,47.09672,5.496389
338,FR19021,47.75171,-3.37501
339,FR19053,47.986607,-4.097658
340,FR16508,47.8144,7.1047
341,FR15018,45.360176,5.589419
342,FR12045,43.094994,-0.052394
343,FR27010,45.4609,5.181081
344,FR30027,48.565445,6.129578
345,FR02007,43.36069,5.058139
346,FR04069,48.54139,2.661389
347,FR41024,42.236027,9.190028
348,FR23242,47.46699,-0.554686
349,FR07009,45.772167,3.0875
350,FR35005,46.17362,1.873024
351,FR26035,47.13723,4.950573
352,FR27011,45.344078,4.807481
353,FR12051,44.545853,2.2257
354,FR20019,45.75836,4.886214
355,FR04017,48.88139,2.278056
356,FR36005,44.520744,5.089872
357,FR35027,45.842205,1.259689
358,FR15048,45.2797,5.8822
359,FR08616,43.8299,4.36199
360,FR03031,43.708584,5.758152
361,FR08252,44.054474,4.697408
362,FR25502,49.385,1.0187
363,FR15039,45.158363,5.703764
364,FR20049,45.96141,4.465711
365,FR82043,47.147232,5.556211
366,FR18089,49.435932,2.084292
367,FR24018,43.835785,5.786131
368,FR23236,47.6964,-0.0736
369,FR22014,49.19539,6.957444
370,FR38020,-21.022112,55.266773
371,FR23107,47.252777,-1.573333
372,FR03071,43.13111,5.924184
373,FR07060,45.76411,3.046111
374,FR02006,43.358982,5.023388
375,FR22009,49.165726,6.716886
376,FR05074,49.48963,0.100703
377,FR12015,43.093613,0.743611
378,FR04331,48.985523,1.754142
379,FR10132,50.61048,1.99145
380,FR15046,45.18069,5.720625
381,FR05078,49.4983,0.142706
382,FR07022,46.652668,3.600667
383,FR23174,47.98895,0.19605
384,FR39018,14.755003,-61.17883
385,FR34042,48.439304,1.468778
386,FR08617,43.9254,4.26581
387,FR03002,43.29005,5.400252
388,FR23177,47.788334,-0.444756
389,FR07010,46.344,2.598
390,FR19002,48.10861,-1.66586
391,FR82210,47.2458,6.1836
392,FR31040,44.50878,0.142695
393,FR19501,48.11825,-1.67204
394,FR05040,49.415108,0.2437
395,FR21060,49.117195,-0.169666
396,FR36019,45.0425,5.0443
397,FR34032,47.08278,2.405333
398,FR04014,48.837223,2.3939
399,FR12055,43.92213,2.146844
400,FR01020,49.358337,6.156942
401,FR04322,48.8603,1.6767
402,FR09202,46.159,-1.145999
403,FR10027,50.96156,1.8739
404,FR35004,45.158737,1.537259
405,FR03062,43.127476,5.927086
406,FR02035,43.330868,5.151234
407,FR03080,43.949673,4.804341
408,FR08020,43.6758,4.08838
409,FR01010,49.164165,6.186392
410,FR01014,48.915,6.058336
411,FR04179,48.830387,2.269889
412,FR34038,46.814693,2.610069
413,FR25045,49.916363,0.957178
414,FR21041,49.278324,-0.247074
415,FR31032,44.192223,0.623889
416,FR05083,49.50273,0.232486
417,FR33305,46.211666,5.226389
418,FR09305,46.33388,-0.471878
419,FR39003,14.603497,-61.041206
420,FR07039,45.774727,3.062978
421,FR34047,48.760887,1.233639
422,FR24024,44.895805,6.635561
423,FR04101,48.816387,2.5175
424,FR21038,49.64225,-1.624361
425,FR01092,49.117123,6.856736
426,FR28033,50.48972,2.66642
427,FR16040,48.575985,7.727478
428,FR31001,44.86121,-0.58037
429,FR04145,48.84639,2.189444
430,FR09010,46.655334,0.376236
431,FR01019,49.36861,6.160831
432,FR40009,4.920833,-52.321945
433,FR04098,48.84028,2.635278
434,FR27004,45.52597,4.875408
435,FR82041,47.0426,5.400944
436,FR16038,48.570374,7.766331
437,FR21040,49.11639,-1.084722
438,FR23181,47.27313,-2.223172
439,FR01061,49.3331,6.1147
440,FR02001,43.486233,5.171939
441,FR19019,48.12659,-1.68606
442,FR82021,47.630756,6.858944
443,FR82006,47.2474,6.015419
444,FR07034,45.775696,3.09625
445,FR82070,47.351288,6.359722
446,FR20004,45.755318,4.820331
447,FR23157,47.146088,-1.690269
448,FR23140,47.204357,-1.552914
449,FR38010,-20.943007,55.2906
450,FR02026,43.584694,5.006452
451,FR41004,42.53583,9.475972
452,FR05080,49.50362,0.266872
453,FR25011,49.383133,1.025758
454,FR27007,45.60822,5.270872
455,FR33121,45.675,6.389722
456,FR04023,49.04639,2.043056
457,FR25037,49.441463,1.082656
458,FR34066,48.00145,2.72618
459,FR32002,46.821056,4.835083
460,FR03030,43.453583,5.466672
461,FR05500,49.4989,0.2296
462,FR37007,16.25066,-61.527794
463,FR82020,47.640667,6.859278
464,FR21050,48.645,-0.458333
465,FR18057,49.17493,3.260819
466,FR82012,47.538193,6.868361
467,FR09301,46.824368,-0.135461
468,FR14048,47.9542,5.7491
469,FR04059,48.93722,2.361667
470,FR23149,47.28616,-2.032447
471,FR16017,48.919357,8.158458
472,FR50224,42.69587,2.888483
473,FR06003,50.37822,3.06586
474,FR11033,50.58859,3.11598
475,FR37006,16.23674,-61.5341
476,FR20060,45.7036,4.8836
477,FR16068,48.081696,7.364589
478,FR04038,48.581944,1.883333
479,FR16060,47.594913,7.568175
480,FR03048,43.55578,5.461232
481,FR82060,47.62002,6.157642
482,FR14032,48.299168,4.117222
483,FR25055,49.92049,1.047892
484,FR25040,49.40619,1.15515
485,FR31043,43.470238,-1.553876
486,FR26007,47.34139,5.046944
487,FR12039,43.56158,1.393261
488,FR22007,49.166,6.734
489,FR11030,50.532032,2.839
490,FR08508,43.724606,4.246406
491,FR34054,47.170166,1.409694
492,FR31026,43.838875,-0.81203
493,FR26001,47.31861,5.041389
494,FR25505,49.00922,1.15669
495,FR04173,48.8059,3.084158
496,FR03043,43.305286,5.394716
497,FR38021,-21.032139,55.232563
498,FR19033,47.64892,-2.76399
499,FR21016,49.17508,-0.353563
500,FR30024,48.68838,6.221456
501,FR31034,45.012222,-0.529722
502,FR25050,49.78122,1.345083
503,FR03069,43.119736,6.131319
504,FR02021,43.331245,5.117696
505,FR07058,46.34072,2.593945
506,FR24039,43.933475,5.711809
507,FR34025,47.419083,0.682944
508,FR04051,48.95139,2.223611
509,FR31006,44.841373,-0.651068
510,FR03068,43.12682,5.921605
511,FR12038,43.635967,1.429497
512,FR26016,48.200436,3.2773
513,FR08204,43.8292,4.64295
514,FR14022,48.962223,4.36
515,FR07053,45.780434,3.111592
516,FR34061,47.594257,1.302667
517,FR23124,46.656624,-0.743381
518,FR01021,49.394444,6.201392
519,FR40007,4.84816,-52.3238
520,FR31022,43.40986,-0.673155
521,FR34048,48.449158,1.492469
522,FR19017,48.08965,-1.65911
523,FR26043,47.31546,5.040202
524,FR07057,46.561974,3.3406389
525,FR23239,47.18594,-1.591504
526,FR29421,45.46672,4.389781
527,FR11026,50.775482,3.12568
528,FR12021,43.623608,1.438531
529,FR03006,43.27645,5.39736
530,FR23143,47.28472,-2.210833
531,FR30022,48.072002,6.873001
532,FR16512,48.81542,7.797019
533,FR07018,45.030003,3.876
534,FR04001,48.8225,2.2692
535,FR11016,50.67003,3.07656
536,FR09203,46.161633,-1.211229
537,FR03067,43.39873,6.075611
538,FR41060,42.70283,9.446389
539,FR09016,45.60882,0.099722
540,FR05503,49.4811,0.574611
541,FR02012,43.50615,4.982898
542,FR02010,43.500786,4.853818
543,FR02018,43.548313,5.183108
544,FR25036,49.442356,1.093789
545,FR82003,47.221973,5.971556
546,FR38018,-20.9498,55.313828
547,FR24003,43.71009,7.265102
548,FR12030,43.587345,1.444003
549,FR28034,50.62587,2.473341
550,FR14008,49.90778,4.63
551,FR25032,49.291107,1.007433
552,FR50060,44.012856,1.3753052
553,FR21021,49.147224,0.227222
554,FR06007,50.27936,3.97691
555,FR38091,-20.928686,55.33258
556,FR34034,47.222027,2.073
557,FR22011,49.158413,6.731664
558,FR30028,48.051117,7.011114
559,FR12008,43.599976,1.442136
560,FR12050,44.560543,2.226169
561,FR05010,49.528927,0.358733
562,FR12095,44.35699,2.5707042
563,FR24033,44.555195,6.073015
564,FR34009,47.9531,1.8728
565,FR07056,44.98377,4.226006
566,FR09017,45.694725,-0.323361
567,FR36021,44.569443,5.278972
568,FR04131,48.873333,2.330278
569,FR12052,43.230297,0.062339
570,FR12040,43.556374,1.403964
571,FR08712,42.7198,2.83988
572,FR18008,49.863,3.307
573,FR33105,45.56943,5.932986
574,FR31057,44.84341,-0.50698
575,FR10030,50.71703,1.605913
576,FR33111,45.274723,6.349722
577,FR23110,47.26411,-2.250153
578,FR10013,50.99599,2.21466
579,FR04058,48.925278,2.356667
580,FR12049,44.555225,2.219639
581,FR39001,14.6061,-61.0656
582,FR22004,49.146526,6.815419
583,FR33113,45.209366,6.480326
584,FR07043,45.04286,3.888806
585,FR21017,49.289444,-0.257778
586,FR50227,43.60883,3.895721
587,FR25049,49.30487,1.214367
588,FR25500,49.4393,1.088
589,FR35023,45.263615,1.763889
590,FR03021,43.524075,5.448164
591,FR14802,49.263817,4.048806
592,FR19005,48.08861,-1.659722
593,FR25034,49.378246,1.001322
594,FR38002,-20.903294,55.468334
595,FR04099,48.840557,2.484444
596,FR39010,14.613844,-61.06349
597,FR01060,49.16885,6.212669
598,FR02030,43.47201,5.167704
599,FR31055,43.888973,-0.507028
600,FR24011,43.68519,7.211174
601,FR02014,43.42533,4.996785
602,FR34064,48.006935,2.740111
603,FR43099,-12.761174,45.226196
604,FR30018,48.024605,6.585836
605,FR36007,44.675938,4.673586
606,FR31041,43.8961,-0.491403
607,FR82030,47.29464,6.825861
608,FR19014,48.39746,-4.48871
609,FR34030,47.075043,2.407183
610,FR10032,50.69435,1.57657
611,FR07051,45.769,3.155
612,FR31027,43.03361,-1.035278
613,FR14852,49.88245,4.741405
614,FR19018,48.082882,-1.834583
615,FR16069,47.747684,7.321364
616,FR34046,48.729694,1.358472
617,FR41059,41.92575,8.738278
618,FR02024,43.457077,4.428002
619,FR04324,48.761665,3.058333
620,FR82200,47.2425,6.0152
621,FR31014,43.307777,-0.322778
622,FR04100,48.881947,2.507222
623,FR39014,14.468869,-60.927418
624,FR27002,45.36782,4.805147
625,FR19016,48.359444,-4.568055
626,FR35903,45.8781,1.3305
627,FR42012,48.69451,6.965651
628,FR07014,44.898335,2.420194
629,FR14051,49.745277,4.719167
630,FR16029,48.610363,7.781631
631,FR07047,46.4409,3.361061
632,FR31016,43.47982,-1.489157
633,FR08714,42.6955,2.90053
634,FR06001,50.35853,3.50804
635,FR82042,47.065628,5.415061
636,FR09304,46.823795,-0.135634
637,FR36022,44.622276,4.384979
638,FR04319,48.95555,2.575278
639,FR33202,45.916943,6.135556
640,FR16054,48.074444,7.3505554
641,FR10003,51.05206,2.35378
642,FR20068,45.936275,4.796111
643,FR41007,41.949223,8.757583
644,FR28023,50.496506,2.86725
645,FR09302,46.143234,-0.395913
646,FR01005,49.324722,6.076108
647,FR08017,43.5705,3.9118
648,FR41063,41.947685,8.796159
649,FR30033,49.06583,5.785556
650,FR20064,45.650616,4.816911
651,FR18053,49.90167,2.304597
652,FR03047,43.296967,5.383156
653,FR15043,45.1619,5.7356
654,FR01012,49.110283,6.223336
655,FR02031,43.415688,5.216875
656,FR31010,45.01478,-0.533942
657,FR07061,45.89674,3.122254
658,FR39015,14.607444,-61.06978
659,FR09008,46.135136,-1.117086
660,FR08016,43.5915,3.88681
661,FR32014,46.797363,4.853842
662,FR04049,48.679443,2.165556
663,FR25035,49.358215,1.007853
664,FR28022,50.30886,2.807369
665,FR23230,47.253036,-2.332025
666,FR35019,45.875835,0.823951
667,FR05084,49.493332,0.571853
668,FR24014,44.09469,6.988978
669,FR31045,44.833824,-0.598525
670,FR04158,49.063087,1.866381
671,FR03029,43.530285,5.440912
672,FR01065,49.16778,5.387461
673,FR05056,49.47372,0.526158
674,FR12017,43.928055,2.1625
675,FR25054,49.434162,1.0670527
676,FR02023,43.788376,4.83465
677,FR23068,47.247353,-1.936522
678,FR23075,47.315643,-2.190408
679,FR34012,47.836617,1.927694
680,FR07055,44.984444,4.2260833
681,FR32001,46.78231,4.847322
682,FR19015,48.41193,-4.47506
683,FR35007,45.87331,1.307916
684,FR21035,49.63639,-1.626667
685,FR34063,47.586544,1.326533
686,FR32005,46.678783,4.366893
687,FR18049,49.61311,3.223342
688,FR35003,45.8311,1.256875
689,FR04122,48.528057,2.653611
690,FR11007,50.640793,3.074772
691,FR31031,44.913055,-0.384444
692,FR12085,43.610386,1.4152
693,FR34056,46.86453,1.771944
694,FR01016,48.886387,6.093611
695,FR19008,47.83192,-1.83633
696,FR14031,48.301666,4.076944
697,FR12057,43.11442,1.622586
698,FR22005,49.157528,6.744167
699,FR40008,4.9378467,-52.32093
700,FR42011,48.81835,7.786409
701,FR35002,45.88485,0.898431
702,FR04180,48.64093,2.26872
703,FR14011,49.250732,4.023064
704,FR28010,50.44914,2.9
705,FR34028,47.394638,0.704861
706,FR30030,48.614914,6.107672
707,FR25053,49.4367,1.098838
708,FR07032,45.894196,3.115056
709,FR18079,49.87722,2.2825
710,FR28024,50.642612,2.723889
711,FR40004,4.932214,-52.310226
712,FR29439,45.481777,4.429667
713,FR82001,47.235973,6.023611
714,FR10031,50.71247,1.6081
715,FR05037,49.503906,0.175731
716,FR25044,49.389496,1.030703
717,FR03084,43.960144,4.856731
718,FR14853,49.73631,4.824764
719,FR04156,48.902504,2.4525
720,FR18042,49.851334,3.284
721,FR14801,49.233612,4.056939
722,FR09105,45.886185,0.581483
723,FR34043,48.39114,1.955611
724,FR01066,49.305088,6.101194
725,FR30037,48.656944,6.136022
726,FR42010,48.572807,7.767833
727,FR16031,48.85731,7.314175
728,FR07020,46.06028,3.515139
729,FR03060,43.101566,5.875404
730,FR16052,47.810932,7.105553
731,FR04055,48.86212,2.344616
732,FR28131,50.4368,2.826683
733,FR14029,48.7266,4.594781
734,FR20034,45.69953,4.829694
735,FR15053,45.15467,5.74523
736,FR05087,49.498417,0.758697
737,FR34029,47.83775,1.944667
738,FR24007,43.598804,7.093153
739,FR33211,46.19583,6.240556
740,FR09003,46.162647,-1.153684
741,FR41003,41.958027,8.820278
742,FR04029,48.799168,2.130556
743,FR16067,47.80221,7.122844
744,FR09104,45.64578,0.159472
745,FR02028,43.386562,5.026868
746,FR34024,47.34414,0.653778
747,FR12013,43.632465,1.432011
748,FR82514,47.240993,6.018156
749,FR82010,47.510307,6.794
750,FR31013,43.3108,-0.391543
751,FR24040,43.791912,7.048276
752,FR22054,49.18742,6.910867
753,FR23004,47.317345,-2.07333
754,FR07203,45.86876,3.60328
755,FR41022,41.918304,8.736778
756,FR31008,44.86581,-0.94
757,FR03004,43.31543,5.386739
758,FR10028,50.98106,2.14317
759,FR09009,46.58305,0.344889
760,FR01063,49.321335,6.103931
761,FR02019,43.44603,5.254136
762,FR29429,45.533424,4.623939
763,FR05070,49.505,0.201694
764,FR39002,14.603139,-61.07789
765,FR23182,47.971146,0.221356
766,FR16041,48.5157,7.687819
767,FR09015,46.58696,0.358458
768,FR19503,47.75947,-3.380389
769,FR06022,50.36641,3.33942
770,FR05504,49.5032,0.1301
771,FR12001,43.620003,1.3475
772,FR03063,43.124584,5.924399
773,FR18043,49.259552,2.474397
774,FR34013,47.90708,1.901139
775,FR04024,48.99083,2.444722
776,FR03064,43.135902,6.011513
777,FR34084,47.38944,0.7225
778,FR18048,49.403618,3.361543
779,FR38019,-20.8935,55.470806
780,FR25503,49.3793,1.0304
781,FR02033,43.339893,5.058827
782,FR34108,48.166058,2.044028
783,FR31003,44.849648,-0.544995
784,FR07011,44.923164,2.436778
785,FR11022,50.68719,2.88004
786,FR37001,16.257307,-61.591724
787,FR26094,47.351368,5.070706
788,FR05501,49.4975,0.2531
789,FR10034,51.02446,2.30215
790,FR23229,48.072517,-0.773236
791,FR37010,15.994349,-61.727203
792,FR04142,49.028057,2.750278
793,FR20046,45.7789,4.9247
794,FR38098,-21.277075,55.403065
795,FR20048,45.7533,5.0722
796,FR34003,47.630177,1.569311
797,FR31007,44.900295,-0.515835
798,FR25048,49.42815,1.058025
799,FR38013,-20.885885,55.473427
800,FR12004,43.575695,1.418064
801,FR16064,48.065414,7.333139
802,FR04071,48.856388,2.335278
803,FR22017,49.125977,7.381747
804,FR30031,48.6931,6.168019
805,FR39008,14.616389,-61.100792
806,FR10016,50.94729,1.84308
807,FR05072,49.50386,0.084614
808,FR02020,43.510803,5.220046
809,FR03046,43.18659,5.607593
810,FR20061,45.986217,4.719637
811,FR16066,47.737415,7.309075
812,FR10004,51.04858,2.42004
813,FR14004,49.25861,4.031111
814,FR23120,47.4685,-0.555925
815,FR33720,45.7467,6.4208
816,FR33101,45.56472,5.928333
817,FR32006,46.316174,4.839994
818,FR19007,48.10751,-1.67984
819,FR82004,47.297306,6.051917
820,FR24020,43.658337,7.157846
821,FR18080,49.84282,3.281439
822,FR11025,50.62805,3.09031
823,FR01017,49.09611,6.172778
824,FR09019,46.329586,-0.458889
825,FR26012,47.27476,4.099476
826,FR19020,48.261963,-2.943631
827,FR33232,45.907223,6.845833
828,FR07001,45.764668,3.047194
829,FR19010,48.11078,-1.68293
830,FR20069,45.77482,4.898572
831,FR12020,43.6287,0.179069
832,FR23150,47.44734,-0.550101
833,FR20047,45.823223,4.953958
834,FR01004,49.332497,6.271664
835,FR11034,50.706535,3.18066
836,FR04135,48.83796,2.408061
837,FR15045,45.0578,5.6767
838,FR26114,47.182175,6.139338
839,FR34067,47.9103,1.873431
840,FR04329,48.838615,2.412781
841,FR34011,47.899445,1.910294
842,FR38014,-21.312895,55.474194
843,FR25047,49.40986,1.053736
844,FR03088,44.06035,5.067413
845,FR04002,48.93032,2.29435
846,FR10007,51.03381,2.3352
847,FR33220,45.92361,6.713611
848,FR04060,48.8572,2.2933
849,FR23178,47.318893,-2.066876
850,FR23001,47.324257,-2.081429
851,FR16001,48.608818,7.708917
852,FR30016,48.685856,6.175111
853,FR18054,49.920555,4.090556
854,FR23252,48.07104,-0.766993
855,FR24032,43.758533,7.478833
856,FR04181,48.63373,1.830529
857,FR21019,49.15167,-0.352778
858,FR40010,5.034602,-52.563793
859,FR10029,50.99594,2.36627
860,FR23251,47.23356,-1.564811
861,FR21037,49.64695,-1.59342
862,FR24023,43.78875,7.332382
863,FR33102,45.59667,5.918611
864,FR04333,48.948124,2.248817
865,FR05088,49.749943,0.415019
866,FR08018,43.6926,3.80021
867,FR07049,46.56187,3.331089
